"employee_id","first_name","last_name","email","phone_number","hire_date","job_id","salary","commission_pct","manager_id","department_id"
1,"John","Doe","not available","123456789","2024-01-01","IT_PROG","50000.00","0.10",NULL,111
2,"Jane","Smith","not available","987654321","2024-02-01","SA_REP","60000.00","0.10",1001,111
3,"Alice","Johnson","not available","555555555","2024-03-01","HR_REP","55000.00","0.10",1002,112
4,"Bob","Williams","not available","777777777","2024-04-01","AC_MGR","75000.00","0.10",1003,113
5,"Emily","Brown","not available","999999999","2024-05-01","SA_REP","60000.00","0.10",1002,111
6,"Michael","Jones","not available","444444444","2024-06-01","IT_PROG","55000.00","0.10",1001,111
