{"bestsellers_date":{"$date":{"$numberLong":"1211587200000"}},"published_date":{"$date":{"$numberLong":"1212883200000"}},"amazon_product_url":"http://www.amazon.com/Odd-Hours-Dean-Koontz/dp/0553807056?tag=NYTBS-20","author":"Dean R Koontz","description":"Odd Thomas, who can communicate with the dead, confronts evil forces in a California coastal town.","price":{"$numberInt":"27"},"publisher":"Bantam","title":"ODD HOURS","rank":{"$numberInt":"1"},"rank_last_week":{"$numberInt":"0"},"weeks_on_list":{"$numberInt":"1"}}
{"bestsellers_date":{"$date":{"$numberLong":"1211587200000"}},"published_date":{"$date":{"$numberLong":"1212883200000"}},"amazon_product_url":"http://www.amazon.com/The-Host-Novel-Stephenie-Meyer/dp/0316218502?tag=NYTBS-20","author":"Stephenie Meyer","description":"Aliens have taken control of the minds and bodies of most humans, but one woman won’t surrender.","price":{"$numberDouble":"25.99"},"publisher":"Little, Brown","title":"THE HOST","rank":{"$numberInt":"2"},"rank_last_week":{"$numberInt":"1"},"weeks_on_list":{"$numberInt":"3"}}
{"bestsellers_date":{"$date":{"$numberLong":"1211587200000"}},"published_date":{"$date":{"$numberLong":"1212883200000"}},"amazon_product_url":"http://www.amazon.com/Love-Youre-With-Emily-Giffin/dp/0312348665?tag=NYTBS-20","author":"Emily Giffin","description":"A woman's happy marriage is shaken when she encounters an old boyfriend.","price":{"$numberDouble":"24.95"},"publisher":"St. Martin's","title":"LOVE THE ONE YOU'RE WITH","rank":{"$numberInt":"3"},"rank_last_week":{"$numberInt":"2"},"weeks_on_list":{"$numberInt":"2"}}
{"bestsellers_date":{"$date":{"$numberLong":"1211587200000"}},"published_date":{"$date":{"$numberLong":"1212883200000"}},"amazon_product_url":"http://www.amazon.com/The-Front-Garano-Patricia-Cornwell-ebook/dp/B0017T0C9M?tag=NYTBS-20","author":"Patricia Cornwell","description":"A Massachusetts state investigator and his team from \"At Risk\" confront a rogue association of municipal police departments.","price":{"$numberDouble":"22.95"},"publisher":"Putnam","title":"THE FRONT","rank":{"$numberInt":"4"},"rank_last_week":{"$numberInt":"0"},"weeks_on_list":{"$numberInt":"1"}}
{"bestsellers_date":{"$date":{"$numberLong":"1211587200000"}},"published_date":{"$date":{"$numberLong":"1212883200000"}},"amazon_product_url":"http://www.amazon.com/Snuff-Chuck-Palahniuk/dp/0385517882?tag=NYTBS-20","author":"Chuck Palahniuk","description":"An aging porn queens aims to cap her career by having sex on film with 600 men in one day.","price":{"$numberDouble":"24.95"},"publisher":"Doubleday","title":"SNUFF","rank":{"$numberInt":"5"},"rank_last_week":{"$numberInt":"0"},"weeks_on_list":{"$numberInt":"1"}}
{"bestsellers_date":{"$date":{"$numberLong":"1211587200000"}},"published_date":{"$date":{"$numberLong":"1212883200000"}},"amazon_product_url":"http://www.amazon.com/Sundays-at-Tiffanys-James-Patterson/dp/0446199443?tag=NYTBS-20","author":"James Patterson and Gabrielle Charbonnet","description":"A woman finds an unexpected love","price":{"$numberDouble":"24.99"},"publisher":"Little, Brown","title":"SUNDAYS AT TIFFANY’S","rank":{"$numberInt":"6"},"rank_last_week":{"$numberInt":"3"},"weeks_on_list":{"$numberInt":"4"}}
{"bestsellers_date":{"$date":{"$numberLong":"1211587200000"}},"published_date":{"$date":{"$numberLong":"1212883200000"}},"amazon_product_url":"http://www.amazon.com/Phantom-Prey-John-Sandford/dp/0425227987?tag=NYTBS-20","author":"John Sandford","description":"The Minneapolis detective Lucas Davenport investigates a string of murders of young Goths.","price":{"$numberDouble":"26.95"},"publisher":"Putnam","title":"PHANTOM PREY","rank":{"$numberInt":"7"},"rank_last_week":{"$numberInt":"4"},"weeks_on_list":{"$numberInt":"3"}}
{"bestsellers_date":{"$date":{"$numberLong":"1211587200000"}},"published_date":{"$date":{"$numberLong":"1212883200000"}},"amazon_product_url":"http://www.amazon.com/From-Worse-Southern-Vampire-Mysteries/dp/0441015891?tag=NYTBS-20","author":"Jimmy Buffett","description":"A Southern family tries to hide its pet pig at a New York luxury hotel.","price":{"$numberDouble":"21.99"},"publisher":"Little, Brown","title":"SWINE NOT?","rank":{"$numberInt":"8"},"rank_last_week":{"$numberInt":"6"},"weeks_on_list":{"$numberInt":"2"}}
{"bestsellers_date":{"$date":{"$numberLong":"1211587200000"}},"published_date":{"$date":{"$numberLong":"1212883200000"}},"amazon_product_url":"http://www.amazon.com/Where-Are-You-Now-Novel/dp/1416566384?tag=NYTBS-20","author":"Elizabeth George","description":"In Cornwall, trying to recover from his wife's death, Detective Thomas Lynley becomes involved in a murder investigation.","price":{"$numberDouble":"27.95"},"publisher":"Harper","title":"CARELESS IN RED","rank":{"$numberInt":"9"},"rank_last_week":{"$numberInt":"8"},"weeks_on_list":{"$numberInt":"3"}}
{"bestsellers_date":{"$date":{"$numberLong":"1211587200000"}},"published_date":{"$date":{"$numberLong":"1212883200000"}},"amazon_product_url":"http://www.amazon.com/The-Whole-Truth-David-Baldacci/dp/0446539686?tag=NYTBS-20","author":"David Baldacci","description":"An intelligence agent and a journalist team up against a warmongering defense contractor.","price":{"$numberDouble":"26.99"},"publisher":"Grand Central","title":"THE WHOLE TRUTH","rank":{"$numberInt":"10"},"rank_last_week":{"$numberInt":"7"},"weeks_on_list":{"$numberInt":"5"}}
{"bestsellers_date":{"$date":{"$numberLong":"1211587200000"}},"published_date":{"$date":{"$numberLong":"1212883200000"}},"amazon_product_url":"http://www.amazon.com/Careless-Red-Novel-Elizabeth-George/dp/0061160873?tag=NYTBS-20","author":"Troy Denning","description":"The New Jedi order battles Darth Caedus, Darth Vader's gradson; a 'Star Wars: Legacy of the Force' novel.","price":{"$numberInt":"27"},"publisher":"Del Rey/Ballantine","title":"INVINCIBLE","rank":{"$numberInt":"11"},"rank_last_week":{"$numberInt":"5"},"weeks_on_list":{"$numberInt":"2"}}
{"bestsellers_date":{"$date":{"$numberLong":"1211587200000"}},"published_date":{"$date":{"$numberLong":"1212883200000"}},"amazon_product_url":"http://www.amazon.com/Unaccustomed-Earth-Jhumpa-Lahiri/dp/0307265730?tag=NYTBS-20","author":"James Frey","description":"A novel, set in Los Angeles, by the author of \"A Million Little Pieces.\"","price":{"$numberDouble":"26.95"},"publisher":"Harper","title":"BRIGHT SHINY MORNING","rank":{"$numberInt":"12"},"rank_last_week":{"$numberInt":"9"},"weeks_on_list":{"$numberInt":"2"}}
{"bestsellers_date":{"$date":{"$numberLong":"1211587200000"}},"published_date":{"$date":{"$numberLong":"1212883200000"}},"amazon_product_url":"http://www.amazon.com/The-Racing-Rain-Garth-Stein-ebook/dp/B0017SWPXY?tag=NYTBS-20","author":"Garth Stein","description":"A Lab-terrier mix with great insight into the human condition helps his owner, a struggling race car driver.","price":{"$numberDouble":"23.95"},"publisher":"Harper","title":"THE ART OF RACING IN THE RAIN","rank":{"$numberInt":"13"},"rank_last_week":{"$numberInt":"0"},"weeks_on_list":{"$numberInt":"1"}}
{"bestsellers_date":{"$date":{"$numberLong":"1211587200000"}},"published_date":{"$date":{"$numberLong":"1212883200000"}},"amazon_product_url":"http://www.amazon.com/Twenty-Wishes-Blossom-Street-Books/dp/0778326314?tag=NYTBS-20","author":"Debbie Macomber","description":"A widow who owns a bookstore on Blossom Street compiles a list of things she always wanted to do.","price":{"$numberDouble":"24.95"},"publisher":"Mira","title":"TWENTY WISHES","rank":{"$numberInt":"14"},"rank_last_week":{"$numberInt":"10"},"weeks_on_list":{"$numberInt":"4"}}
{"bestsellers_date":{"$date":{"$numberLong":"1211587200000"}},"published_date":{"$date":{"$numberLong":"1212883200000"}},"amazon_product_url":"http://www.amazon.com/Hold-Tight-Harlan-Coben/dp/0525950605?tag=NYTBS-20","author":"Jeff Shaara","description":"A novel about the Allied invasion in France in World War II.","price":{"$numberInt":"28"},"publisher":"Ballantine","title":"THE STEEL WAVE","rank":{"$numberInt":"15"},"rank_last_week":{"$numberInt":"11"},"weeks_on_list":{"$numberInt":"2"}}
{"bestsellers_date":{"$date":{"$numberLong":"1211587200000"}},"published_date":{"$date":{"$numberLong":"1212883200000"}},"amazon_product_url":"http://www.amazon.com/Executive-Privilege-Novel-Phillip-Margolin/dp/0061236217?tag=NYTBS-20","author":"Phillip Margolin","description":"","price":{"$numberInt":"0"},"publisher":"HarperCollins Publishers","title":"EXECUTIVE PRIVILEGE","rank":{"$numberInt":"16"},"rank_last_week":{"$numberInt":"0"},"weeks_on_list":{"$numberInt":"0"}}
{"bestsellers_date":{"$date":{"$numberLong":"1211587200000"}},"published_date":{"$date":{"$numberLong":"1212883200000"}},"amazon_product_url":"http://www.amazon.com/Unaccustomed-Vintage-Contemporaries-Jhumpa-Lahiri/dp/0307278255?tag=NYTBS-20","author":"Jhumpa Lahiri","description":"Stories of the anxiety and transformation experienced by Bengalis in America.","price":{"$numberInt":"0"},"publisher":"Knopf","title":"UNACCUSTOMED EARTH","rank":{"$numberInt":"17"},"rank_last_week":{"$numberInt":"0"},"weeks_on_list":{"$numberInt":"0"}}
{"bestsellers_date":{"$date":{"$numberLong":"1211587200000"}},"published_date":{"$date":{"$numberLong":"1212883200000"}},"amazon_product_url":"http://www.amazon.com/Netherland-A-Novel-Joseph-ONeill/dp/0307377040?tag=NYTBS-20","author":"Joseph O'Neill","description":"A Dutchman deserted by his wife after 9/11 finds solace in New York’s immigrant cricket scene.","price":{"$numberInt":"0"},"publisher":"Knopf Publishing Group","title":"NETHERLAND","rank":{"$numberInt":"18"},"rank_last_week":{"$numberInt":"0"},"weeks_on_list":{"$numberInt":"0"}}
{"bestsellers_date":{"$date":{"$numberLong":"1211587200000"}},"published_date":{"$date":{"$numberLong":"1212883200000"}},"amazon_product_url":"http://www.amazon.com/The-Appeal-John-Grisham/dp/0440243815?tag=NYTBS-20","author":"John Grisham","description":"Political and legal intrigue ensue when a Mississippi court rules against a company accused of dumping toxic waste.","price":{"$numberInt":"0"},"publisher":"Doubleday Publishing","title":"THE APPEAL","rank":{"$numberInt":"19"},"rank_last_week":{"$numberInt":"0"},"weeks_on_list":{"$numberInt":"0"}}
{"bestsellers_date":{"$date":{"$numberLong":"1211587200000"}},"published_date":{"$date":{"$numberLong":"1212883200000"}},"amazon_product_url":"http://www.amazon.com/Indiana-Jones-Kingdom-Crystal-Skull/dp/0345501284?tag=NYTBS-20","author":"James Rollins","description":"","price":{"$numberInt":"0"},"publisher":"Random House Publishing Group","title":"INDIANA JONES AND THE KINGDOM OF THE CRYSTAL SKULL","rank":{"$numberInt":"20"},"rank_last_week":{"$numberInt":"0"},"weeks_on_list":{"$numberInt":"0"}}
{"bestsellers_date":{"$date":{"$numberLong":"1212192000000"}},"published_date":{"$date":{"$numberLong":"1213488000000"}},"amazon_product_url":"http://www.amazon.com/Blood-Anita-Blake-Vampire-Hunter/dp/0515146374?tag=NYTBS-20","author":"Laurell K Hamilton","description":"The vampire hunter Anita Blake is involved in a scandal that threatens the master vampire Jean-Claude’s power.","price":{"$numberDouble":"25.95"},"publisher":"Berkley","title":"BLOOD NOIR","rank":{"$numberInt":"1"},"rank_last_week":{"$numberInt":"0"},"weeks_on_list":{"$numberInt":"1"}}
{"bestsellers_date":{"$date":{"$numberLong":"1212192000000"}},"published_date":{"$date":{"$numberLong":"1213488000000"}},"amazon_product_url":"http://www.amazon.com/The-Host-Novel-Stephenie-Meyer/dp/0316218502?tag=NYTBS-20","author":"Stephenie Meyer","description":"Aliens have taken control of the minds and bodies of most humans, but one woman won’t surrender.","price":{"$numberDouble":"25.99"},"publisher":"Little, Brown","title":"THE HOST","rank":{"$numberInt":"2"},"rank_last_week":{"$numberInt":"2"},"weeks_on_list":{"$numberInt":"4"}}
{"bestsellers_date":{"$date":{"$numberLong":"1212192000000"}},"published_date":{"$date":{"$numberLong":"1213488000000"}},"amazon_product_url":"http://www.amazon.com/Odd-Hours-Dean-Koontz/dp/0553807056?tag=NYTBS-20","author":"Dean R Koontz","description":"Odd Thomas, who can communicate with the dead, confronts evil forces in a California coastal town.","price":{"$numberInt":"27"},"publisher":"Bantam","title":"ODD HOURS","rank":{"$numberInt":"3"},"rank_last_week":{"$numberInt":"1"},"weeks_on_list":{"$numberInt":"2"}}
{"bestsellers_date":{"$date":{"$numberLong":"1212192000000"}},"published_date":{"$date":{"$numberLong":"1213488000000"}},"amazon_product_url":"http://www.amazon.com/Love-Youre-With-Emily-Giffin/dp/0312348665?tag=NYTBS-20","author":"Emily Giffin","description":"A woman’s happy marriage is shaken when she encounters an old boyfriend.","price":{"$numberDouble":"24.95"},"publisher":"St. Martin’s","title":"LOVE THE ONE YOU'RE WITH","rank":{"$numberInt":"4"},"rank_last_week":{"$numberInt":"3"},"weeks_on_list":{"$numberInt":"3"}}
{"bestsellers_date":{"$date":{"$numberLong":"1212192000000"}},"published_date":{"$date":{"$numberLong":"1213488000000"}},"amazon_product_url":"http://www.amazon.com/Sundays-at-Tiffanys-James-Patterson/dp/0446199443?tag=NYTBS-20","author":"James Patterson and Gabrielle Charbonnet","description":"A woman finds an unexpected love.","price":{"$numberDouble":"24.99"},"publisher":"Little, Brown","title":"SUNDAYS AT TIFFANY’S","rank":{"$numberInt":"5"},"rank_last_week":{"$numberInt":"6"},"weeks_on_list":{"$numberInt":"5"}}
{"bestsellers_date":{"$date":{"$numberLong":"1212192000000"}},"published_date":{"$date":{"$numberLong":"1213488000000"}},"amazon_product_url":"http://www.amazon.com/Chasing-Harry-Winston-A-Novel/dp/0743290119?tag=NYTBS-20","author":"Lauren Weisberger","description":"Three glamorous friends, New York women nearing 30, vow to change their lives.","price":{"$numberDouble":"25.95"},"publisher":"Simon & Schuster","title":"CHASING HARRY WINSTON","rank":{"$numberInt":"6"},"rank_last_week":{"$numberInt":"0"},"weeks_on_list":{"$numberInt":"1"}}
{"bestsellers_date":{"$date":{"$numberLong":"1212192000000"}},"published_date":{"$date":{"$numberLong":"1213488000000"}},"amazon_product_url":"http://www.amazon.com/The-Front-Garano-Patricia-Cornwell-ebook/dp/B0017T0C9M?tag=NYTBS-20","author":"Patricia Cornwell","description":"A Massachusetts state investigator and his team from “At Risk” confront a rogue association of municipal police departments.","price":{"$numberDouble":"22.95"},"publisher":"Putnam","title":"THE FRONT","rank":{"$numberInt":"7"},"rank_last_week":{"$numberInt":"4"},"weeks_on_list":{"$numberInt":"2"}}
{"bestsellers_date":{"$date":{"$numberLong":"1212192000000"}},"published_date":{"$date":{"$numberLong":"1213488000000"}},"amazon_product_url":"http://www.amazon.com/Devil-Care-James-Bond-Novel/dp/0385524285?tag=NYTBS-20","author":"Sebastian Faulks","description":"This continuation of the James Bond franchise finds Bond tracking a dangerous pharmaceutical executive amid cold war tensions with the help of a beautiful girl.","price":{"$numberDouble":"24.95"},"publisher":"Doubleday","title":"DEVIL MAY CARE","rank":{"$numberInt":"8"},"rank_last_week":{"$numberInt":"0"},"weeks_on_list":{"$numberInt":"1"}}
{"bestsellers_date":{"$date":{"$numberLong":"1212192000000"}},"published_date":{"$date":{"$numberLong":"1213488000000"}},"amazon_product_url":"http://www.amazon.com/Phantom-Prey-John-Sandford/dp/0425227987?tag=NYTBS-20","author":"John Sandford","description":"The Minneapolis detective Lucas Davenport investigates a string of murders of young Goths.","price":{"$numberDouble":"26.95"},"publisher":"Putnam","title":"PHANTOM PREY","rank":{"$numberInt":"9"},"rank_last_week":{"$numberInt":"7"},"weeks_on_list":{"$numberInt":"4"}}
{"bestsellers_date":{"$date":{"$numberLong":"1212192000000"}},"published_date":{"$date":{"$numberLong":"1213488000000"}},"amazon_product_url":"http://www.amazon.com/Snuff-Chuck-Palahniuk/dp/0385517882?tag=NYTBS-20","author":"Chuck Palahniuk","description":"An aging porn queen aims to cap her career by having sex on film with 600 men in one day.","price":{"$numberDouble":"24.95"},"publisher":"Doubleday","title":"SNUFF","rank":{"$numberInt":"10"},"rank_last_week":{"$numberInt":"5"},"weeks_on_list":{"$numberInt":"2"}}
{"bestsellers_date":{"$date":{"$numberLong":"1212192000000"}},"published_date":{"$date":{"$numberLong":"1213488000000"}},"amazon_product_url":"http://www.amazon.com/Where-Are-You-Now-Novel/dp/1416566384?tag=NYTBS-20","author":"Elizabeth George","description":"In Cornwall, trying to recover from his wife’s death, Detective Thomas Lynley becomes involved in a murder investigation.","price":{"$numberDouble":"27.95"},"publisher":"Harper","title":"CARELESS IN RED","rank":{"$numberInt":"12"},"rank_last_week":{"$numberInt":"9"},"weeks_on_list":{"$numberInt":"4"}}
{"bestsellers_date":{"$date":{"$numberLong":"1212192000000"}},"published_date":{"$date":{"$numberLong":"1213488000000"}},"amazon_product_url":"http://www.amazon.com/Shadow-Power-Paul-Madriani-Novel/dp/B001OW5OR2?tag=NYTBS-20","author":"Steve Martini","description":"The lawyer Paul Madriani searches for a missing letter from Thomas Jefferson that might explain a scholar’s murder.","price":{"$numberDouble":"26.95"},"publisher":"Morrow","title":"SHADOW OF POWER","rank":{"$numberInt":"11"},"rank_last_week":{"$numberInt":"0"},"weeks_on_list":{"$numberInt":"1"}}
